Id,2017-03-01,2017-03-02,2017-03-03,2017-03-04,2017-03-05,2017-03-06,2017-03-07,2017-03-08,2017-03-09,2017-03-10,2017-03-11,2017-03-12,2017-03-13,2017-03-14,2017-03-15,2017-03-16,2017-03-17,2017-03-18,2017-03-19,2017-03-20,2017-03-21,2017-03-22,2017-03-23,2017-03-24,2017-03-25,2017-03-26,2017-03-27,2017-03-28,2017-03-29,2017-03-30,2017-03-31,2017-04-01,2017-04-02,2017-04-03,2017-04-04,2017-04-05,2017-04-06,2017-04-07,2017-04-08,2017-04-09,2017-04-10,2017-04-11,2017-04-12,2017-04-13,2017-04-14,2017-04-15,2017-04-16,2017-04-17,2017-04-18,2017-04-19,2017-04-20,2017-04-21,2017-04-22,2017-04-23,2017-04-24,2017-04-25,2017-04-26,2017-04-27,2017-04-28,2017-04-29,2017-04-30,2017-05-01,2017-05-02,2017-05-03,2017-05-04,2017-05-05,2017-05-06,2017-05-07,2017-05-08,2017-05-09
cN2EP1ZC5Rk,,,,,,,,,,,,,,,,,,,,,,,,,,,,,,,,,,,,,,,,,,,,,,,,This is fantastic hope to here this in the Justice League film again;Is this from Coachella;Hell yes Fucking Avengers WISH they had such awesome songs for each of their superheroes like these DC movies are WAY MORE EPIC;HAHAHAHAHAHHA The chills I get for that wonder woman theme is off the charts;Can anyone please tell me how long Hans Zimmer concert normally is Duration wise 34 hoursbr I have bought ticket for the show Wanted to plan my travel there That39s why Would appreciate your help;the score to the man of steel is the best part about the film to me;Sounds awesome must39ve been something else to be there wish he would come to Houston,man of steel goosebumps heck yeah;For the 1 person that disliked this vid quotI WILL FIND HIMquot;Can39t wait for Aquaman39s theme or Flash39s,,This will forever be the new if not one of the new Wonder Woman themes throughout history;Goosebumpsbr Hans Zimmer is truly a blessing and legend,Looks like Guthrie39s playing a fretless for the Wonder Woman part,epic,Holy shit that electric guitar and the wonder woman theme;The Man Of Steel theme evoke emotions such as inspiration and courage and can stand on its on When I hear his other themes it makes me think about the movie only,,then they use man of steel song for justice league when superman comes to join the battle for an epic comeback from the grave ,,,,,,,,,this version of wonder woman theme is kinda different from the original is she with you  soundtrack Could someone please provide the link of this version if there39s one out there ,,,is that tina guo that plays the wonder woman part,this video gave me epilepsy,
yRu1gGu0AsU,,,,,,,,,,,,,,,,,,,,,,,,,,,,,,,,,,,Ok I got it you can say the leader is the one in cream ,oh my lady hold me lady,,,,,,LOS AMO,,ive watched this video like 300 million times why did I just realized youngbin isn39t wearing white;youngbin in these pants can have my soul and everything I own,my boy taeyang is so smooth,Sf9 amp Skinny jeans  And omg that dance move at a   a ,Who the guy in the purple hair,,KALIAN BIKIN LIST BIAS BERANTAKAN ,me aw this is so cutebr SF9 bdabbbr Me HOLY DABBING TURTLES THEY JUST DABBED bdabs alongb,This song sound so good I really like it Fighting SF9;I like the one in white 3;My bias is the one wearing white shirt and jeans with white shoes ,,,, ,weno todos hablando ingles y a mi me da flojera a si que helou quien me contesta  c me siento solita njaefuohufahe a quien le gusta taeyang  a mi no v,,,a  You39re welcome ,I love the one wearing the tight blue jeans and white shirt;Can39t take my eyes of Taeyang,lt3 bb,GOT MY EYES HOOKED AT TAEYANG,,,,,,,,
5y2OODNxcMY,,,,,,,,,,,,,,,,,,,,,,,,,,,,,,,,,,,,,, ,ICANT WAIT FOR OUR NEW FANDOM NAME;           ,doojoon rusuh amet sih ,why is this so underrated I can39t believe ya39ll let this flop;Yoseob oppa39s voice lt3 lt3 always support Highlight from VietNam lt3,Aj looks like wearing no shoes at the pink scenes lol;It39s kinda ironic that I searched 39sad39 cause I wanted to cry and found this song Never heard of this group before now Apparently it used to be called Beast and it was under Cube I39ll check out Beast now,,sooojunhyunghow does kiki39s booty feel ,YELLOW happiness,it39s not highlightbr it39s dablight; the first five seconds of this song have been replayed a million times I39m dying That butt grab There is a reason why he is wearing the robe with the rated 19 symbol ,,,,,,,      ,,,,,,Thank You for all the mv versions,,YOYO OPPA,,,the bathrobes are so cuuute  ;39     39,,,,skip to a   dujun and a  dongwoon xD,,
UukWc9RbjBU,,,,,,,,,,,,,,,,,,,,,,,,,,,,,,,,,,,,,,,,,,,,,,,,,,,,,,,,i didn39t know how much i needed miles singing in my life,MILES SINGING RIPTIDE WILL BE THE DEATH OF ME AND I WILL WELCOME IT;i love your voicelove from israelxxxxxooooo;Omg go to a   January 27th is my birthday;Miles singing cured my depression br Cleared my skinbr Saved my ass from suicidebr Amen;a  HOW DO THEY STRUM SO WELL;Miles please marry me;MILES SINGING BREATHE IF YOU AGREE;Miles39 singing voice has left me shook;OH MY THEY SOUND SO GOOD OOOOOOOOH MYYYYYYYYYYY LOOOOOOOOORD;a  you39re welcome,THIS VIDEO GOES OUT TO ALL THE PEOPLE WHO DONT HAVE TWITTER,,,MILES SINGING VOICE IS MY GOD,,,,a ;I just fell in love a bit more with her singing TWENTY ONE PILOTS AHHH,,a    what song tho,Miles singing twentynepilots is now my new kink,Miles what an adorable little dork;OMFG MILES IS SINGING TP;WAIT I NEVER KNEW MILES COULD SING I FEEL BETRAYED,
-1b2u6_2-70,,,,,,,,,,,,,,,,,,,,,,,,,,,,,,,,,,,,,,,,,,,,,,,Ice cream everyday,I really love that they acknowledge that gender is on a spectrum ;I really love that they acknowledge that gender is on a spectrum ,one moment does she wear hair extensions on the show It kinda seems that she hasn39t that much hair as when she plays Hannah;Her single;i ship,that little dance of her in the beggining ,please God make them a couple,,So damn cute lt3;can they just be together pls,,,,,Katherine is so natural LOVE HER,,,,,Me encant ,,,Muchas gracias chicos sois geniales,,,,
NNKGs9eCx04,,,,,,,,,,,,,,,,,,,,,,,,,,,,,,,,,,,,,,,,,,,,,,,,Very Nice Costumes  I am really excited to get started;Great Costumes look no further,cool characters,,,,,,Truly the best mascots available And very affordable too,Marketing with mascots ads life to your event Studies show significant impact when using mascots,,,,,,,,,,Need one soon,,,,
5qDMqPmdFGU,,,,,,,,,,,,,,,,,,,,,,,,,,,,,,,,,,aww that was fun Next time it should be a hot sauce drinking contest using small medicine cups;a  steph39s face after being asked where the first date was hahahaha;kris buy her mint chocolate ice cream otherwise I will;I have this stupid smile on my face all throughout the video omg why are you so fun to watch  and you two are a beautiful mess in this lol ,like your happyyou are all so happy;This was hilarious ;What is Kristen39s first question a  haha;YOKES on you Kristen You didn39t BEAT Steph;Love u guys so much U always make me laugh and smile and are genuine beautiful souls inside and out;I was in stitches each time one of use got hit in the head with the hard boiled eggsbruises for days ;Im a gemini toooo whooo;love seeing videos from you two in my sub box,olYou both make me laugh every time i get to watch your videosLooking forward to moreGod bless,lol a guys are funny ,,it is so obvious that Steph loves Kristen more,I almost fucking died at a   lmao,,kristen you are so hot i hope im not out of line by saying that but your girl know it to that39s why she39s with you along with other thing39s but im happy for you 2 keep being happy peace;This entire video was hilarious You ladies crack me up,,,,,,,,a  oops Sorry hahaha,,,,,,,,,,hi new subscriber here I just love your blogs its funny and cute like both of you,,,,,,,,,,
LIvZHPeYy6Q,,,,,,,,,,,,,,,,,,,,,,,,,,,,,,,,,,,,,,,,,,,,,,,,Oh man Has it been that long That39s crazyyy;I hate when I have to sit through aNOTHER BIOGUARD AD;A question about Patreon Do you have an official one and if so could you please link it to your YT channel There is one on Patreon under quotHow to dadquot but I don39t know if its official or not;Don39t worry as soon as baby 20 enters the ring some of those holds will be popular again with toddler 10;How to hold a teenager,She39s so big now;No I am NOT listening to a  on a loop shaddup  I am completely unmoved I care nothing for cute wibble ;I wonder if my 17 14 and 10 year old will let me do that  hahahahah;Lmao  he39s still wearing the same clothes after 2 years lol quotBaby Jesusquot lmao I39m not sure but this one might be the funniest of all,FAVOURITE VID;wonderful way to spend time with your child thanks for sharing funny and inspirational,,where39s the high five;Hey man we have a facebook group which compose of the dads all over the world and we have like 30k members We would love to have you in the group and share experiences of Dadhood a  br br Cheers,,This guy needs more subscribers  Lmao br br I love his videos,Someday you may need to rename your channel quotHow to GRANDDADquot,,,,this is worse than daddy o5,,,,could anyone tell me what the song tha dad is singing;They grew up so fast been a fan since you39re first vid,,Notable muscle growth over the years from constant kiddo kettlebells squats curls etc I39m in the same boat Dadbod improves right along with dadback as my son grows and keeps getting heavier,,,He looks like Jesus lol,,
8ak0f0fiFyg,,,,,,,,,,,,,,,,,,,,,,,,,,,,,,,,,,,,,,,,,,,,,,,,,yall are so cute Jordan was super hype to put that in your face lol;Chauffeur is French br You almost got it br I39m glad you39re back girls and congrats on the apartment;You guys are so funny You should make videos like the old ones just talking and stuff maybe even try vlogging;Do the never have I ever dirty version Or truth or dare dirty version;Jordy acted like she was drowning in that whip cream wit her arms flailing Love you guys,You guys are too funny I wish I knew about you guys beforeI would have been dying a long time ago lol I never subbed to anybody this quick Congrats on the apt,,don39t forget to monetize yall videos and put multiple ads on each video,Oml I miss you guys like crazy ever since you guys stopped making videos I was searching for you guys like crazy  thank god i found you guys and I am happy for you guys doing big things,I miss y39all I have been looking for y39all channel glad to see y39all back;I doubt they39ll last their chemistry us off;smash or pass challenge youtuber edition then celebrity edition;No Hands Kissing Challenge;wo im just still in shock that yall are back good job girls im loving it,,,No hands kissing challenge,Y39all should make like a smash or pass or a Snapchat qna,Congratulations I know it feels awesomebr Looking forward to more videos,,I use to watch you guys all time and I39m so so excited that you guys are back make sure you guys do hella videos love you guys;shiiitttt I remember yall;The OGS are Back  Congratulations On The Apartment  Happy y39all are back miss y39all ,,,,Y39all are so dope and been dope I love you guys Oh and congratulations on the apartment,,,,,
aUoFVzS6GBY,,,,,,,,,,,,,,,,,,,,,,,,,,,,,,,,,,,,,,,,,,,,,,,my life is so much better because of them ,,,,,There coming to kcon NYC ,This song is for Cube 39Cube just plz don39t be sad our boys already won 8 times39;i love you b25t beast                                 ;i love you yoseob       ;i love you lee ki kwang      ;i love you junhyun      ;i love you doojoon      ;i love you b25t beast      ,im so confused isnt that beast,,This video actually makes my day,br   19   , ,,,,The one playing the arcade game looks so young How old is he;this is so cute I can39t stop smiling,,inner me, ;      ;does anyone notice this is the same like the one on weekly idol that bathrobe and must keep SMILING ,,,,                         ,
MwvnC1XkMyc,,,,,,,,,,,,,,,,,,,,,,,,,,,,,,,,,,,,,,,,,,,,,v   Splendid videomany stars for youEnjoyed amp liked br    Happiness cannot be traveled to owned earned or worn It is the spiritual experience of living every minute with love grace amp gratitudeThat is the key                                 br     Lovepeaceharmony amp lightalways amp forever Reeka   ;Splendida condivisione complimenti David ;Im gonna make a edgy commentbr br br br br br British Zulu WarBritish Empire br    ;SawubonaUnjani  I loved the video thank you very much;LOVE THIS DAVID  Thank you buddy  She was too cool;Amazing,If I had to learn an African language I would probably choose Zulu It39s sounds very nice ;Sounds beautiful,,,,,,,,,,,,,,,,,,,,,,,,
fnQ0DO8HyRE,,,,,,,,,,,,,,,,,,,,,,,,,,,,,,,,,,,,,,,,,,,,,,,,,,,,,,,i think im in love,,,Keep it up with the music Man  Always excited to listen to your stuff,MARRY ME PLSSSS;That moment you hate chocolate;I appreciate having ILWAG in my life during an existential crisis and depression ;also quotlets beginquot gives me chills go u dodie;your music is so great for anxiety like I can just focus on it and its so calming and every song is a story like I never really had an answer to the question quotwho is your favorite artistquot but now I do,dodie stan;This has a bit of an Adventure Time like feel and I like it,This was beautiful ;i think i39m in love with you,Please check out my lofi chill electronica playlist you wont regret it;DODIE CLARKKKK,oooo;this is so relateble and I love dodie as well;I39m in love win love wa ghost bsmirkb lol 3,,,dodie yess;Love the titles lt3br btitlesb;WHAT THE HECK I WaS NOT NOTIFIED ABOUT THIS But still pleasant surprise,,Lovu,,
dq93li2ZXfU,,,,,,,,,,,,,,,,,,I wonder which one snitched I know damn well who will be blamed LOL How the hell did he survive to get mixed in is astounding;Horowitz the  White Guybr This is 2nd time they have done this storybr Again setting up VA as a patsy for their antigun agendabr When Chuck Schumer says quotGun ShowLoopholequot he39s  referring to VAbr VA State Police had to warn NYPD to stop sending NYPD cops down there as Straw purchasers years ago because VA State Police caught so many of them and had to let them gobr Luckily for Bloomberg the Dindus can be made to fufill that role;Pffftt  That39s a postNFA semi auto quottommyquot gun  big dealbr I39m sure they39ll keep the guns and put the thugs back on the streetsbr How about they keep the thugs and put the guns back on the streets;Aaron Horowitz you39re a bloody idiot You39re supposed to be the oppressor not the coconspirator Ainchu payin39 attention;Gun laws and guns are not the problem  Blacks are the problem as shown in the video  br br Criminals blacks and terrorists will always get guns because they don39t follow the law  The law will only hurt law abiding citizens like myself and others  If you want to stop these crimes then look at blacks who cause the majority of these problems in our society  There is nothing racist about it when you look at the crimeand then look at that picture;200 out of 2 million  Way to put a dent in it and make it look like you did a good job  Operation tiny wave  Gringo was forced to do it at gunpoint  By another white guy of course ;oh no say it ain39t so Horowitz guess he thinks he39s the modern day meyer lansky New York City gunlaw joke strikes againnow more degenerates will have them while the rest of us need to jump thru hoops to get a home permit not to mention 39letters of reference39 from friends on our 39good character39 the hell meanwhile I DO NOT WANT to announce to my friends I want to buy a gunpure madness here in NYC;The white guy forced the poor black people into doing it because he enslaved them,Tougher gun laws didn39t work in that case and those are some of the toughest laws in the country already except for those tough gun laws in Chicago that also don39t work against people who don39t follow the law  Here39s an idea prosecute them and convict them to the full extent of the laws already on the books or make the penalties greater on the laws already on the books andget readywait for itENFORCE THEM;Aaron Horowitz The new Meyer Lansky;da white guy made them do it;That white dude is SO Stoned he can barely open his eyes amp hes got a Huge Stonersmile goin on He39s the ONLY one really Smiling except 1 other black guy out of the 23 lol  ALL the other mug shots look So Seriousamp then theres the White dude WAY TO REPRESENT;quotThis is a machine Gunquot WRONG again Thanks Colin for your videos,I thought it was the white man leaving guns and drugs in magic boxes that put them into these neighborhoods;Actually two of these things are not like the others Levar Shelborne aka Wavy and Aaron Horowitz aka Gringo both have wide shiteating grins What gives guys,LOLOLOL,lol one of these thugs is not like the others,,,,,,,,,One white male and 21 quotteenagersquot,,,this bust is small potatoes the amount of guns running on the streets is unimaginable say no to gun control or only the bad guys will have guns and they won39t be scared to enter your home if they know you39re unarmed haven39t you noticed dindu cowards love soft targets,,,,,,,,,,,,,,,,,,,,,,,,,,,,,,,,,,,,
6LYqand_q3M,,,,,,,,,,,,,,,,,,,,,,,,,,,,,,,,,,,,,,,,,,,,,,,,,,,,,,,,,,,,I39m excited for the too faced and kandee johnson collab;I39m excited for Lisa Frank;So glad to find your channel I39m excited to see what palette ABH comes out with next I hear we have to wait until the fall ;Not entering the giveaway but I39ll be honest I39d rather have larger eye palettes like this be a little clunky That way I don39t feel like everything is so fragile I have smaller more portable palettes such as the Too Faced Sweet Peach palette which is metal that I keep in my purse all the time I39m totally okay with the bulkier packaging for this because like the Alice Through the Looking Glass palette from UD I find these are ones I keep at my vanity rather than in my purse ;I LOVE pirates of the Caribbean and I39ve been a huge fun since I was in elementary schools  I39m excited for the new urban decay launch the colorful pallet looks amazeballs ;The thing I39m looking forward the most is the Beauty and the Beast L39Oreal Collection I REALLY like this theme makeup products but it doesn39t seem like it39s going to be available in my country anytime soon I39ve also got my eyes set on Urban Decay39s Naked Skin Shapeshifter Pallet and their new brush ;I39m most excited for Too faced Sparkle palette I love the look you39ve created and the palettes look so goood  D,I39m super excited for the Chrissy Teigan X Becca Collab;Excited for the Too Faced Clover palette Looks super adorable ;I39m excited to try the becca sunlit bronzers ;Very excited for the milk makeup holographic line They are adding lipglosses love their holographic stick so SUPER EXITED to try the glosses;I39m super excited for the Too Faced Clover Palette I39m a super big fan of Pirates of the Caribbean  I would really like to have this palettes;I can39t wait for the winner to be announced ,can39t wait for Jeffrey Star39s new liquid lipstick collection;Winner is AbsolutAlicia;Ahhhh the pirates palette looks like it is every smokey eyes dream  And the charm blush is a gorgeous color I am most looking forward to Kat Von D39s everlasting liner  I think they will be the fix all to all liquid lips that have issues,I am most excited about the fall and late summer releases due out from twofaced the dog type a pallet that will benefit dog rescue foundations and then also the collaboration with Kandy Johnson,Super excited for the cheek palette It looks gorgeous Thanks for the great content ,,,Love how you breakdown the product with price comparisons Keep up the reviews I39m a new subscriber now ;So excited to play with the too face clover palette,,,
bfg593CAv1I,,,,,,,,,,,,,,,,,,,,,,,hey everyone i have a secondary channel nowbr a ,,,,,,,,,,,,,,,,,This is pretty good I love your music;I feel like most of these comments can be turned into a song title by him;Hi this is just something I thought would be cool so you don39t have to necessarily do it but if possible can you make covers of studio ghibli songs in your style I think it would sound so amazing,The park is freezing and puffs of air leave his chapped lips in angry windwhipped clouds But the pounding swaying music in his ears sends tendrils of warmth through him despite the chill of the air br br People shuffle around him some hunched and miserable from the outside cold and some like him full up with the warmth of good feeling They hum through dry lips laugh through sore throats and clap their bluetinged hands because being cold is a slowcreeping madness it gets under your skin if you let it and it stays there close to the bone br br But being happy is bubblebursts easy and fast like goosepimples that move across the width and breadth of your body from frizzy bedhead to crooked pinky toe It lights you up firebright as long as you feed it with tea and books and blankets and laughter He watches them all as he listens and walks in the early morning sun He eyes the cold distant people trudge along fading against the lonely backdrop of washedout benches and grey trees But he also stares unabashedly unashamedly as the laughing ones the warm feverbright ones shine even brighter br br Thank you so much for the inspiration lt3 These beats are lovely and put all kinds of pretty pictures and words in my head,I39m always looking forward to these titles  your music is my fav I literally fall asleep listening to a playlist of all of your songs and it helps me sleep better Also my dreams are so colorful now with a lot of imagination,,can we get merch please,,This is beautiful,really dig her jacket;one of my most fav tracks idk why but this gives me mixed emotions about my relationship with my family with my boyfriend with my friends and now i also feel nostalgic af;this title tho;Hi  Been quite a fan of your channel for a while now D I was wondering if there39s a way for me to get copies of your artwork they are so AWESOME ;I love this stuff,,,wish it were longer but this will do;4 times and counting i don39t even want to write in comments only listen to thatbr br br br thank you for this,,This reminds me a lot of studio ghlibi I love it,,,sounds like living single by big sean;I always get good vibes whenever I listen to the stuff ILWG postsbr It39s a good start of the day or end of the night,gosh there39s something about the music that made my heart skip a beatbr your music is great as always btw,,,oh i hope one day you will introduce each of the characters tho,,,,,,,,,,,
HrNwtPVTRJ4,,,,,,,,,,,,,,,,,,,,,,,,,,,,,,,,,,,,,,,,Sinto todos os sintomas ;Eu tenho 12 ano e sinto dores na barriga tenho plos corrimento pode que esteja perto de mestrua,,,amoo muito seu canal dani s que tenho uma duvidabr como eu fao para minha menstruao decer logobr pode fazer um vdeo assim porfavo,,Eu,,O meu sintoma foi o suar q ficou fote td hr msm qnd eu estava com desodorizante suava muito,,,minha segunda mame hihi;De fato no quero menstruar logo a nica coisa que eu quero  ter peito   pq eu tenho quase tudo menos peito mas tenho bm  pouco eu tenho bm  pouquinho de  pelos pubianos e axilares mas tipo so bem fininhos e tenho dois caroinhos nos dois seiosMas tipo eu sei que um dia vou menstruar mais eu s quero ter peito kkk definitivamente todas as meninas da minha sala tem seios e eu s a nica que no tenho seios srio kkk tenho 12 anos tenho corrimento amarelado e esbranquiado mas tipo de boa tem cheirinho bem leve e tals Mas concerteza vai demorar para mim menstruar pq dizem que as meninas puxam para a me e a minha me menstruou com 16 tomara que demore ,Menstruar e to chato e tem meninas querendo ficar logo no intendo kkkkkkk e horrvel ficar assim,tenho seios  tenho pelos clicas  dores no seios e corrimentos brancos  amareles e transparente tenho 10anos minha amiga ficou mocinha com 9anos fico meio triste mais sei que logo logo vai vir para min;lari lari tambm no consigo parar de pensar j tentei mais no consigo estou muito ansiosa,eu t muito muito ansiosa;amo seu canal,,eu tenho 14 anos e no menstruei ainda  tenho corrimentos brancos e normal e os meus pelos j esto crescendo mim ajuda,,Dani  Amo muito o teu canal que cresa cada vez mais  bjs,,,Vim ver pela minha amiga ela t com esses sintomas eu j menstruei mais ela N  vim ver ela est com todos os sintomas,jjja soou moinha;Eu tenho 11 anos e tenho muitas clicas quase todo dia mas ainda no desceu pra mim,,,Muito obrigado me ajudou a tirar muitas dvidas amooo esse canal j ativei o sininho e me enscrevi,,oi queria saber a opinio de vcs  quando eu tinha 12 anos ano passado eu tive tipo um corrimento rosa meio avermelhado veio s dois dias e parou o primeiro dia minha me  tava em casa e no segundo veio pouco e fiquei com vergonha de falar tem 6 meses isso e nunca mais desceu ser que foi minha 1 mentruaao pois tenho corrimento plos e meus seios esto inchados  No tenho clicas  Algum pode me informar se sou mocinha,S no tenho clica o restobr Obsno menstruei ainda tenho 12 anos e j tenho seiosuso suti mudana de humor nem se fale hahahabr bjs Dani,,,
bpg6RSHS4Zc,,,,,,,,,,,,,,,,,,,,,,,,,,,,Thank you very much;Thanks for making the image But I39ve been struggling all day to fix a few problems to no avail br 1 The DietPi web site says that their image automatically expands to fill the card on first boot Your image didn39t do that br 2 After I configured the IP info to work on my network the DietPi said there were updates I made the mistake of typing in sudo update which filled the 18gb partitionbr 3 The DietPi instructions for expanding the file system named the wrong directory Even with the right directory tree they didn39t work a  br 4 I can just reimage but that doesn39t solve the space problem when DietPi tells me there are updates that won39t fit br br Now I39m trying to learn how to run Peter Scargil39s script on a larger installation of Jessie lite but that39s still a work in progress because I don39t know linus and the instructions are written for people who do It wasn39t as easy as Pi   Any thoughts,Great workbr br For those who have problems seeing the root html just run the following commandsbr     sudo wget  a  O var     sudo wget  a  O var br Thanks to both of you;tolle arbeit herr spiess vielen dank mosquitto broker luft nodered luft ich kann mich aber leider nicht in a  einloggen anmeldung mit  adminadminbr funktioniert leider nicht habe zuvor die IP und das rootpassword des Pi gendertbr haben sie eine idee vielen dank;I took the 8gb image from google drive used on RP3 Set the ip39s etc can access over ssh and so but If i go to the ip adress in browser it just shows me blank white page source code is empty too So I dont know how to continue to nodered etc because I dont get the menu with links Does anyone have an idea what might be wrong,Does the pi zero image work for a raspberry pi 3B model;I am unable to run mosquitto and get the following errorsbr br Opening ipv4 listen socket on port 1883br Error Address already in usebr br any help would be gratefully received,,,,,can not get into ui with username admin password admin Do I have the right credentials;Your DietPiMQTTBroker8GNewimg is 15603712 bytes and won39t even fit on a 16GB SD Card Why is this,,,piDietPi   mosquittosub t quotquot gt Connection Refused not authorisedLOL this is fun any ideas,,Hi Andreas great video on LoRa The problem I have is that the links to upload the image files don39t work Can I get it from somewhere  else Google says forbidden and OneDrive says it39s gone,,,Loaded your image fine Great work I am stuck getting into Node Red Control Panel from PETE39S UTILITIES I have run out of ideas for the UsernamePassword,I am having trouble with the dashboard UI  I dont recall changing any passwords but i have tried everything and cant seem to log into the dashboard  What is the default for this;Sorry for askingbr I do not understand where or how do I edit my SSID and passw br How can I open this file while my PI is running the scriptbr Ohh must say Im new on de RPI that39s why my stuped quenstion,Hi Is anyone else having problems installing new nodes into nodered with either package manager or from the palette I39m sure this was working on a previous version of the disc image a few weeks ago Have flashed a newer image that is now hosted on Sensorsiot and I cant add any new nodes,,,,Quick question please  Pi Zero not W on order and an ethernet cable adapter  Will Andreas39 Pi Zero W image work  I believe I see the ethernet cable adapter in the picture in this page a   Thank you,,nice work has anyone managed to make this to work on an orangepi zero  br i39m interestedbr thanks to developers,,,,,,,Be carefull with these insert sql statements The data comes from a string that allows any publisher to inject sql commands I just had a look at the node red related sqlite tutorials and did not directly found a solution A proper sql parameter fuctionality to pass these parameters a  takes care of these issues I am unsure if there exists one but I assume a ,little bugger  did an Australian tell you that word ,,,is that power usb cable good i bought some of those but they are pretty bad ,,,,,,,,
GjyvbOVPofo,,,,,,,,,,,,,,,,,,,,,,,,,,,,,,,,,,,,,,,,,,,,,,,,,,,,,,,,527,,,,,,,,,,,,,,
tCEly9HCTvI,,,,,,,,,,,,,,,,,,,,,,,,,,,,,,,,,,,,,,,,,,,,,,,,,,,,,,,,,,,,,I have literally never hit subscribe so fast this was beautiful Keep blessing my subscription box with this lt3,quot these are just random squiggly lines so you cannot mess this upquotbr br Challenge accepted;i love your bujo style it39s simple but still gorgeously artsy;Absolutely love your bullet journal What size is this journal;These are beautiful;Enjoyed your video very much truly great,Randomly was recommended to your channel New subbie  I39ve started bullet journaling and want to keep it simple yet very pretty and I think you39ve achieve that Thanks for the inspo;What is this type of BUJO called;i really love your set ups you39re inspiring me to start a bullet journal;I decided I39m going to start a bullet journal in 2018 to get myself organised for my Masters project and thesis and my life in general I39ve been spending weeks looking at different layouts and spreads and yours are some of my favourites ,love it ;Hello there  nice channel xx I noticed that you were talking about old videos but when I visited ur channel I only saw 2 videos this one and the one in May do u have another channel These videos were still the most inspiring ones I39ve seen on the topic of bullet planing  I still don39t know where to start O;The best bullet journal channels in Youtube hope you upload videos very often ;I really want to make it  but I don39t know what is that use for;I love your vids and i just subscribed i wish you have more vids so i can binge watch it,I LOOOOOVE your bullet journal The discbound notebook is so cute and I love how cute your spreads are I like how you keep everything vertical as well  I39ve seen a few vertical trackers but none that I like as much as yours Meaning so far I39ve only done horizontal trackers I39ve already set up my trackers for this month but I39ll have to come back to your videos for the next month;I was wondering how you organize all your pens because i39m having a hard time finding functional setup could you recommend a organizer,,I39m about to set up a bujo and I found this to be very helpful and inspiring Awesome video I gave you a like and subscribed ;this has given me so much inspiration  i can39t wait to plan june already can39t wait to see more of your videos,Really enjoyed this ,,
kFf5XsMlsmA,,,,,,,,,,,,,,,,,,,,,,WHERE IS THE NOTIF SQUAD Let39s shoot for 13k likes,,,,,,,,,,,,,I turned post notes on;I just turn the notifications on You are AMAZING  you are funny pretty and also my life   I Love you ;You39ve changed so much since your first YouTube video  also RIP black hair tie,ilysm,Hi;When39s your birthday;my whole family39s name starts with a J too;I turned your post notifs on I love you so much you inspire me everyday xxxx thank you for always being there to make me smile xxx;post notifications ,,,,,turned post notification on and subscribed,,,,,,,,i39m brazilian and omg you39re so beautiful seriously,I turned my notifications bell on,,,,Good evening  look at the background,your like lizza koshy and Amelia gething but a guy,,What kind of camera did you get,,I love so mutch dogs;i turn ,Ommgggg your lips eyebrows and eyelashes are actual goals,,,,,,,,,
HtR_rYPrRGs,,,,,,,,,,,,,,,,,,,,,,,,,,,,,,,,,,,,,,,,,,,,,,,,,Brava alla mia Toniaaa;sei uno spettacolo  sei bravissima Ti Adoro ,,,,,,,,,,,,,,,Orgoglioso di te Continua cosi  Sei meravigliosaaaaaaaaa,,,,,,
8M3h0Gv7QbM,,,,,,,,,,,,,,,,,,,,,,,,,,,,,,,,,,,,to vendo a srie Cosmos  muito boa mesmo;Deveria ter requerido a patente atravs do rdio;Lord Kelvin lt3;Muito bom o vdeo mas s uma pequena correoAssim como no existe o nome quotamperagemquot tambm no existe quotvoltagemquot O correto seria tenso Voltagem foi apenas um equvoco que cometeram na traduo traduziram quotvoltagequot como voltagem quando na verdade significa tenso Sou aluno de Eng Eltrica e acho esses vdeos sensacionais  Obg pela ateno D;Existe a possibilidade de fazer uma srie dessa com o Santos Dumont;Sem spoiler mas a historia de Tesla no acaba bem;a  ter contratado o advogado do Fluminense,tesla deveria ter inventado o quot suborno alternado quot ao invs da corrente assim ele ganharia a causa;a  Demonstrar que a corrente alternada realmente tinha poder mortfero e matar todos da outra corporao;A vida  muito injusta 39;A histria conta que se ele morresse antes teria vencido antes a batalha judicial;Faz um quotQuem Foiquot de outros grandes inventores tambm Davi;s a arvore feliz fofinha na abertura ja vale o like;a  Deveria ter chamado o Mussoumano pra uma parceria contra o Edison br Tesla em batalha de gniooossss ;666 likes;Ele deveria ter fornecido energia eltrica gratuita para o forum onde estava sendo julgado seu processo e para a casa do juiz tambm,Infelizmente nenhum cientista atrai mais boatos e malucos do que Tesla evidente que ele fez grandes descobertas no entanto errou e muito assim como todo inventor inevitavelmente vai cometer mais erros do que acertos;Mto boa a ideia da srie Espero que faa de outros inventores tambm,,,,,,,a  deveria ter inventado as ondas de actnnio,Fiquei sabendo do seu canal atravs do Nerdologia estou gostando muito Parabns,,,,,,,,,,,,,,,,,,,,,,,,
po_A_XDU3mI,,,,,,,,,,,,,,,,,,,,,,,,,,,,,,,,,,,,,,,,,,,,I39m really excited for this channel ,LETS GOOOO,,,tbh im here cause I love Kendall so flipping much and i just wanna do everything i can to support yall you39re both doin great ,yes please talk about how people hack ps4s;you and Kendall are the cutest;wow Kenndal picked a good one,I39m late to the party but I39m so stoked,Eeep I39m so excited You and Kendall are amazing,,,,Eggs Benedict for the win,Subscribed and SO excited to learn from you  Good luck ,so excited for you josh  someone named KendallRaesent me lol ;im so happy you39ve decided to do YouTube videos I39m a big fan of Kendall and I just know I39ll be a big fan of yours too,I love pizza,,hey do some videos on your thoughts about the movie Armageddon br Reason why is because its one of my favorite movies and two because what do you think of something like that happening Did the science make sense in it Could a huge asteroid really kill us all,,hello my name is Houry i39m 19 i am Lebanese Armenian I39m currently studying architecture i love conspiracy theories and i am so excited to add a new channel to my conspiracy theory channel list br judging from the trippy talk segments i am sure that you would provode good content goodluck to you on your YouTube journey;You and Kendall are so cute I hope that you have a good time on YouTube I know I will enjoy itbr  I live in Houston Texas br parents are divorced both remarriedbr hate step mom br run trackbr play soccer br gonna be a freshman next yearbr  can run a mile faster then you can make Raman nudelsbr  so a a  mile is my PRbr play sweeper in soccer br live for kendalls vid and your know too,Love you and Kendall So exciting for this channel ,,,,just finished all of kendalls videos now ima watch all yours,i39m so excited about this channel you39re a natural at youtube you and kendall are literally my fave i love you guys so much ,,
BUkLkx-RKX4,,,,,,,,,,,,,,,,,,,,,,,,,,,,,,,,Nice songbr lt3;ohh my waifu S2 Chiya;I want to be taught to compose such tracks;I heard it like someone who has been holding hisher sadness and now letting it all out but still unable to escape from the sadness;The thumbnail makes me think of Voez And the song is good ;iMeiden provides best music for us all the time;iMeiden is life lt3;CHIYA;Oh Yeah Nice In one;Another imeidan song perfection at its finest;Awesome,,,,,lt3,good job lt3,,,,,,,,This is a banger doesn39t sound radiofriendly or poppish Instrumentals are amazing,His every songs are my favor,,,,,,,,,,,I Like it  vary much,,it39s really nice and kind calm song great work on picking it up ,,,,,YUUKIMUSIC,,,,,
fwnMm5NjzTk,,,,,,,,,,,,,,,,,,,,,,,,,,,,,,,,,,,,,,,,,,,,,,That39s certainly one for the record books Wow;Praise God for watching over all three of you during the hectic and trying week that you have had God is good all the time It is so touching to see the two of you interact with each other Your deep love devotion and respect for each other shines through for all of us to see Thank you both for sharing a part of your lives with us Prayers for continued healing for you all Blessings to you all,remember when it rains it pours in your case God Bless you;glad you guys are doing well,,Praise God;glad to hear everyone healed well and I know exactly about the torn retina  it happened to my twice laser surgery was great I had it all done at once but when it happened I actually thought I had a fly in my eye like cobwebs it was horrible and I looked into the mirror to see if it was all murky  but it wasnt anyway it was an experience Id rather not ever go through again very scary after the procedure I laid on the couch and rested it took a few days to feel better slight headache  but GOD IS GOOD thanks for sharing YOUR story;Wow what a week you39ve all had God bless and continue to heal you all xx;Wow You guys have been through the wringer I hope everyone gets better soon I39m praying for quick recoveries for all of you;Oh Elizabeth I can39t imagine So glad everyone is mending and that you39re able to see the humor in events and that both Bills are improving Thank God for His supply and protection over all of you lt3,He is and on time God yes he is,,,Love your heart for our Lord  God has been so good to you  My husband and I can see God39s hand on us also over the past 54 years,,,,I thought this kind of stuff only happens to us  LOL Whenit rains it pours  God Bless;You are lucky Elizabeth,,OMGoodness Don39t we have an AMAZING GOD So praising HIM that all of you are doing better So scared tho when we need more grownups around We all should pray for more of those ,,,Thank God for Elizabeth she39s an angel  My prayers go out to everyone including Elizabeth39s Mom  God bless you all ,May God continue to bless you all;You are an inspiration Praise God things are not worse,Aww quotDadquot is absolutely adorable So glad ALL of you are on the mend When it rains it poursbut you made lemonade Somehow a mixed metaphor seemed appropriate here lol,,God bless the both of you,,,,
2O2jux74j1k,,,,,,,,,,,,,,,,,,,,,,,,,,I would pay for sheets to Beautiful with Crush I39m at college and I can39t transcribe ;please cover BTS more br please;you need to make full versions of your opening,The arrangement is very beautiful Your songs always give me energy ;Please do a piano cover of Time Lapse by Taeyeon ,,,,I remember how much I loved your piano cover of quotWhyquot Well guess what You just keep getting better and better Looking forward to your future Taeyeon covers ,holy shit I thought you were a girl because your hand is so white and soft and probably more beautiful than my whole existence but yknow ,,someone compile the amount of sweaters he has on all of his videos please,why is This s so Be AUtIFUL IM CRyInG;I want to listen quotFirequot which is one of the song in taeyeon39s album,,Can you cover first love from suga  I love this song It39s Really beautiful;You have yourself a new subscriber  Can you please cover more songs from her new album I really think Feel so Fine and Cover Up will sound so good if you covered them; ,YOU NEED TO MAKE AN ALBUM AND THIS IS A MUST,,YOU ARE DAEBAK I love your arrangements,,,,,oh my I39m so in love with this cover  ,,,,,,can you do winnerFOOL piano cover,,THANK YOU SO MUCH YOU MADE MY DAY THANK YOUUUU,,youso macnificent Dbut i can39t buy the sheets because of paypal,,,,,,,,,,,HI please cover gfriend39s FINGERTIP and Navillera and try some TWICE songs please,,,,
absfhludsX4,,,,,,,,,,,,,,,,,,,,,,,,                   ;   ;          ;       ;  ;  ;     ;                         ;     ;     ,,          br br ;  ;        ,,,,,      ,       ,,,,,,,,,,,,,,,       130  60         100120     ,,,,  ,,,,,,,,,,,,,,,,,,,
ef4J2ZtLsS0,,,,,,,,,,,,,,,,,,,,,,,,,,,,,,,,,,,,,,,,,,,,,,,,I just got Nina Is Not Okay out of the library  sounds like a perfect train read;Nina is not ok sounds great Thank you for the input I actually love going into books like that with a little prep haha;Loved this style of video;really enjoyed this kind of video;quotHomegoingquot sounds very similar to quotRootsquot by Alex Haley but with more of a feminist narrative;I love this idea of more than one review per video ;Hoi,I39ve been really wary about whether or not I want to read Nina Is Not OK but your review has definitely reassured me that I39ll enjoy it;Nina is Not Ok sounds so amazing I think that just jumped up on my list;do you have any tips for writing book reviews I want to start reviewing books and becoming a beta reader but I cannot articulate it well,Would you say 39 Nina is not OK39  has a trigger warning for rape;Homegoing is definitely on my to read list now,,,Tell us about the ones you39ve left unfinished D;I love his video book review format I definitely think you could do more like this,,Nina I39m assuming she39s the main character sounds much like Tess of the d39Urbervilles  making all the wrong decisions but you still feel sorry for her Awesome video I enjoyed watching it D,,maybe i need to give homegoing another stab i got the audio book and found it SO HARD to follow just couldn39t finish it clearly i needed that family tree,,,,,,strangely I read both of these books this month loved both and agreed with everything you said I wept with relief at the end of Nina Is Not OK poor girl,,,,,People in comments help me out I39ve been reading lots of YA the last couple of years and I feel I39ve outgrown them Can you recommend me some proper adult books;Adding Nina Is Not Okay to my TBR I read Asking For It a few months ago because I saw you talk about it in a video and the premise sounded interesting I loved it ,,
0R6HDl0Kamg,,,,,,,,,,,,,,,,,,,,,,,,,,,,,,,,,,,,,,,,,,,,,,,aw Hal is dare I say it so Adorable By the way that is my favorite cat tree of yours it39s so sweet when they all curl up together in one of those round platforms Get two or three or esp all four in one of those all curled up together in a pile and focus a camera as close up as you can and let us watch them sleep It is so very zen so peaceful You can forget your worries for a while as you watch sleeping kittens cuddle and twitch;So cute and as a Brit I39m loving the Union Jack socks ;I miss AngelHow is she with her family;I love the extra quotfloofquot on some of them;I would name that fuzzy calico Patches she is adorable and the others are too I am just partial to the tricolored Calicos Happy Easter to all amp God Bless;Blessed Easter Kittens Academy;Happy Easter to Kitten Academy;Happy Easter for both of U and Cats ;Acro is such a ladies39 man that39s the second time he39s winked in a Livestream X;so cute i love it;CUTEEE ;At a  Pom can fly  At a  Pom wishes she could fly ;Where is mamma I would love to adopt the dilute calico Where are you located;Happy Easter   to you Mr A DJ amp Kitten Academy ,ooh cuteness overload;very cute video;In Eddie39s prior cameos cameows in the close up streams I thought he was the resident expert in feline aloofness and indifference to human attention but his contented nuzzling Mr A39s hand at a  blows that image  ;Dear Mr KA  We heartily approve of the introduction of live prey for the kittens  It takes the concept of an interactive toy to a higher level and promotes true catting  Screening to prevent injury of the prey or kittens was wise We did of course appreciate that Pom was heavily covered in this episode  We Pom  A lot  We want to congratulate all the adopters of the Fish kittens and wish them and their Furever parents wonderful lives in their new homes Your fans on the east coast  The Old Broads Who Wear Glassesbr br PS  More DJ please  She is underrepresented in these videos,,,Fyi that39s a Honeybee not a wasp ,,cuteeeeeeeee love cat ,,,,,,,,,,,,,,,,,
r-fauECnPFg,,,,,Sorry for the Grammar errors I didn39t read over itbr br Edit 110317Part 2 a ,,,,,,,,,,,,,,,,,,,,,,,,,,,,,,,,,,,,,,,,,,I watched twice xD ;unnie my ass lmao,,,,how do you do that speech thing can you show usss,i cried hardcore cause jungkook is my bias TTTT,It39s been 4 years what do you mean it39s not to late That39s the problem with boys,,,can you make another video up to part 5 pls because your story is very beautiful,,,,the irony that jk is dating taes ass in real life i swear im;y39all when i saw the oppa and when his coconut ass called her babe i lost my shit;WHY DOES JUNGKOOK HAVE THE MOST BREAK UP IMAGINES;ommo i cried ;waaaaaaaaaahhhhhhh Why Am I crying It hurts It freaking hurts so much I don39t know what love is I39m just 11 years old but why am i crying huhuhuhuhuhuhuhuhuhuhuhuh BTW your a good athour tho;Uhmi read oneJUST LIKE THISSAME WORDS,I39m cry,,,,when i woke up yesterday my cousin asks me what happened to my eyeand i didn39t answered hercuz the answer is i cried what if this would happen to me,this is the 4th time i watched this;hey kyuteKookie is one youtuber who has the exact same story like word to word incase you dont know authornim,I was trying to get my head off the WINGS Tour and i watch this y u make me cry authornim;WHY AM I DANCING IM HAPPY TO BE WITH TAE,I almost crying  ,,
iJL8r38HLZI,,,,,,,,,,,,,,,,,,,,,,,,,,,,,,,,,,,,,,,,,,,,,,,,,,,,,,,,,,,,,,,,,,,,,Thank you for doing a giveaway I would like to win box 2; my instagram name is madalinakissbr ;i really want to win this so badly;Your so gorgeous  sooo sweet of u to do this giveaway for us we all love u and if I won I39ll like any box honestly cuz they are  all my favorite brands I wish everyone the best ;Box 1 pleaseeeee;I39ve entered in your giveawayYou39re so generous because all of the prizes were so expensiveI will choose box 1 because all of the prizesI couldn39t affordYou39re channel will grow some many subscribers soon;I love all of your videos You39ve given me so many tips on how to slay sadly i cant afford some of the high end products Help me out girl a ;I love watching romantic films;I39ve been watching you for a LONG TIME so I don39t have to win to remain loyal But I39d LOVE to win any prize It would greatly be appreciated Love you Girl ;Happy 20k to you darling  excited for your giveaway hoping to be the lucky one who will won ;I dreamt to win this prices  It would help me so much I hope to win Praying ;Oh my its been a week since I39ve been back ;I love ur channel bc u care about ur subscribes so much and u taught me ALOT abt makeup box 1;Box 1 please I probably won39t win but I might as well try ;While else has been here since 4k;Have an amazing week ;I want box 1 I hope I win ;I want the box 2 please;great gifts love box number 2 for me thanks;i would love to win box 2br thank you for this amazing opportunity,
5rRgacCf4T0,,,,,,,,,,,,,,,,,,,,,,,,,,,,,,,,,,,,,,,,,udio melhorou em relao ao ltimo vdeo parabns fiquei escutando um motor ao fundo mas deu pra entender tudobr br grande mestre Nakamura;Nelson eu ainda estou vestido com a camisa autografado por vc no torneio  Cabra da Pescabr obs eu estava usando um chapu de vaqueiro e te desejei vida longabr grande abrao do seu f Gilmar ;oi nelson sumil da tv;muito bom,Parabns se possivel no prximo vdeo de uma explanada sobre tipos e trabalhos das iscas e no outono para o Robalo Tipo tamanho cor velocidade da isca;nelson fala sobre o terneio pedra do cavalo sou de brumado;nelson sou seu fa admiro seu profisionalismo e paixao pela pesca esportiva abraco,,Utilizo direto suas dicas em minhas pescarias grande mestreprincipalmente as que dizem respeito aos tucunars que  o peixe pelo qual busco em minhas pescarias e fao meus videozinhos de pescasade e sucessogrande abrao;Sensacional Nelson Dicas preciosas para quem pesca Robalosbr Grande Ab;Nelson te vi no torneio de pedra do cavalofoi filmado por VCse sim passar em q canal as imagensobrigado desde jsou seu f;Obrigado Nelson Continue nos passando mais dicas sobre o robalo pois precisa de muita tcnica e detalhes pra fazer uma boa pescaria desse bocudo Abs,Muito bom o anal agora os fs podem acompanhar melhor o mestre Nelson Nakamurabr br Quando surgir uma oportunidade nos presenteei com um video de dicas para pescar pequenos dourados no sudeste na isca artificialbr br Costumo pescar alguns na faixa de 500 gramas at 15KG;Excelente video com excelente dicas ,Parabns pelo trabalho meu amigo,,fala Mestre Blza aqui   o Thiago Silva de Cubato tenho uma dvida aqui porque uma isca de meia gua  sem o ratlin   mais atrativa do que as que tem isso falando de robalobr abraos Naka ,nelson gosto muito das suas dicas anima bastante agente gosto muito d pesca gostaria d ganhar um carretilha como presente seu moro vila nova pirapora do bom jesus meu nome marcio 011 55 950468068 un abrao pra voc,,,show bola Naka dica bacanasou apaixonado pela pesca de robalos parabns;E ai Nelson N br nunca fisguei um robalo porem alguns amigos jo fisgaram em constobr A minha pegunta ebr  a seguintebr Em qual momento teria mais chaces de fisgar o Robalo na mar enchendo ou na mar secandobr Obrigadobr Grande abrao desse seu f iniciante na pescaria,,,,Obrigado pela dica mestre Qual a influncia das fases da lua na pesca do tucunar e de outros peixes,,parabns mais uma vez ,,,,,,,,,,,,
T5aSeu0eIvg,,,,,,,,,,,,,,,,,,,,,,,,,,,,,,,,,,,,,,GIVEAWAY CLOSEDbr Congrats to bdrumrollb Thea Santos Please drop me an email at cinata  with your address and I39ll send the lip bar your waybr To all of you who have taken part thank you all sooooo much for participating I didn39t imagine that there would be so many entries and supporters and I39ll definitely be hosting more giveaways to thank you for your kind support and encouragement br Please feel free to drop me a comment hereon my instagram or facebook page or slide me an email if there is any content you39d like to seebr iibr br I39ll be giving away one of these lip bars well I39ll purchase a new one of course to one subscriber 1 Like this video 2 subscribe to my channel and 3 leave a comment below to let me know which is your fave shade and I39ll pick a winner 30 Aprilbr br Giveaway is open for SEA countries Namely Singapore Malaysia Vietnam Thailand Indonesia Philippines Brunei Cambodia,,,,,,,,,,,,,,,,,,,,,,,hi  love your laneige 2 tone lipsticks video review cant wait to get my hand on them i super love apple jellO;hello cinddie my fav is number 01 cotton candy;Tint Mint pleaseeee;Hi Cinddie This vid means a lot to me for the lip bars you have give reviewed was featured in Weightlifting Fairy Kim Bok Joo fav kdrama lol and also because this lip bar is too expensive in my country cant afford it lollll Every shade are really great and my favvvvv shade is tint mint please share your generosity with me lowkey desperate lol jk ily also love your hair ALL LOVE FROM PHILIPPINES;Cherry Milk is my fav Such a pretty MLBB colour br Thanks for the giveaway Cinddie ;aww you39re so gorgeous  i love this reviewamp lip swatches video because it39s so clear br br anyway i LOVE all the shades but my fav is 08 Cherry Milk   i want win this giveaway because i love to make an ombre lips  but that takes a lot time for me ofc  so yeaah if i win this giveaway thats will help me a lot for making an ombre lip  br br Thankyou for being generous by doing this giveaway  from Indonesia ;Hi i39m your new subscriber i really like this video i love laneige product anyway from all these swatches my eyes fall for the 03 tint mint hahaha i really like that color hope you pick me for one of the giveaway winers love from Indonesia;Love tint mint the most ;hi i39m from indonesian such a beautiful lips you have  i love shade number 08 cherry milk ;i really hope i can win this cherry milk huhuhuhu;Hi Cinddie I39m from Indonesia No 7 Lollipop Red is my favorite shade This lipstick is being on my wishlist since long time ago ;Love tint mint the most  love from the Philippines;Hi Cinddie I39m from Philippines and I love shade 08 Cherry Milk I heard that this was the one that Lee Sung Kyung used in Weightlifting Fairy Kim Bok Joo so I fell in love with it,hi im from indonesia and i like the number 2 tangerin slice  cauze i like use a lipstick that have orange colour and i like to use laneige lipstick product cauze they Moisturize my lips  i hope i will win this sorry for my bad english;oh ur doin a giveaway  yay haha first of all thankyou for giving everyone a chance to enter and i hope u39ll become one of the succesful youtuber the reason why im entering this giveaway is bc i wanna try korean products and also bc of watching kdramas haha i would love mint tint hehez  more blessings to come saranghae ;Laneige Two Tone Lip Bar 08 Cherry Milk is the best for giving that lushy gradient look on the lips Most of my friends here in the Philippines love that color too  a ;who is the giveaway winner;Laneige Two Tone Tint Lip Bars in 03 Tint Mints please,,Hi I chanced upon this review video amp really liked it I rarely leave comments in YouTube but I felt obliged to as ur review is 1 of the best I39ve seen for the Laneige two tone tint lip barsbr br Ur review is concise amp straightforward It39s not draggy which causes viewer to fast forward the video I like how u showed the various application effects of each shade and the close ups amp full face views The lighting was also not too bright amp not alteredbr br This is the first video I39ve watched from ur channel amp I look forward to ur other videos Thumbs up amp keep up the good work ,,,,,,
XnLHOU_MwVc,,,,,,,,,,,,,,,,,,,,,,,,,,,,,,,,more puppet shows to divert attention away from the enemy the enemy that runs your government and allows this to happen the edomite jew;Russia would39nt piss on Hitlary Clinton not even if she could spit fire from the mouth ;Hillary Clinton amp Swine Pig Huma Abadin Are Defintely Are Going To Be Toast With This Vince Foster Case;Hillary won39t hesitate to get rid of Huma too;Obama killed Scalia and others too We got a bunch of bad politicians;No she would not have been impeached  she is above all law  remember br And she has proven it  we knew she killed Foster and over 145 others plus the mass murders overseas  but has she been arrested   NO  She is still out there doing her new campaign for 2020   Free as a bird br br If she is not arrested being out there as a civilian she39d never be arrested had she been presidentbr Hillary and Obama are Teflon  nothing stops them or touches them and they could blow up the world and no one would even try to stop them br br br quotThe law is NOT for ME   it39s only for the little people quot   Hillary Clinton 2016br  br quotYou will never see ME in handcuffs I can ASSURE  you of that quot  Hillary Clinton 2016br br br This has been Hillary39s beliefs since before she was First Lady of Arkansas and she stated those words in 2016 in an interviewbr br And don39t think she is worried about going to prison  she knows no one will touch herbr And she lives like she39s gonna live forever  Reality has never entered her mind at any time in her entire life  not even as a child  She is never wrong and you are never right  make sure you know that because that is the only thing that can tick her off br br She39s the perfect Queen of the world in her mindbr br ,why39s we have all theso provided we still can39t put Hillary Clinton in presion why we keep show the video if you not going to do nothing do not restime;Foster said if I show up dead Hillary Clinton killed me ;HRC is nowhere near the only person who needs to go down  The Swamp is way bigger than we realize;a ;Trey Gowdy got a Judge to exhume Vince Fosters body it was taken to  the FBI  where the lead medical director failed to run some of the critical tests Body was then stolen from the Bethesda Naval Hospital in an ambulance driven approximately 2 miles away The ambulance was found burned out destroying the corpse and any chance to reexamine it When Trump found out he went to the FBI medical director and fired him personally Also many files pertaining to this travesty have been stolen from the National Archives the clintons are also blocking access to the millions of files in the clinton presidential library These people involved are legion and in some of the most powerful positions in our government I only hope that Justice will prevail;Why the fuck doesn39t Donald just say quotfuck this enough is enough put the cunt in jailquot Is he not the most powerfull man in the USin the WORLD Show some fuckin balls manYOU THE SHERIFF NOW,Arrest her now no bonds;breaking news Hillary will not see the jail no matter what she did,,Fake  that is funny Wikileaks has been 100 correct so far  Clinton is dirty she is sinful she is guilty as hell,,,Please release the info Vince Foster family deserves the truth,I heard that Vince Foster never ever got over the Waco massacre and was going to spill the beans on that episode;shes link to him but there are many others  where were the fbi them  so far up her ass  as the money ws flowing in so much as they never got a fucking thing done  shows what jobs they have they will not be missed  and so fire them all,,,,,,,,,,,,,that might be why Trump and that self righteous hothead Pompeo are attacking Assange Probably They want to kill him Well I don39t support them at all that is evil Assange is a prince compared to them I am sending a note to the Trump guys to consider Donald FIRED,,,,,,,,,,,,,,,,,
0ebWjc_YW2g,,,,,,,,,,,,,,,,,,,,,,,,,,,,,,,,,,,,,,,,,,,,,,,, Please help me hit my goal of 100000 subscribers for 2017  a  TURN ON MY POST NOTIFICATIONS SO YOU DON39T MISS A VIDEObr I upload daily;Neat idea just a bit too long to see to the end maybe 15 to 20 mins;nice vid my dude;Enjoy the video Would mean a lot to me if you could help me share it around with your friends and family;That cliff hanger though br Loved the vid;Yay so excited for this video ,Love the vid can39t wait for the next A little long but worth it;oi m8 needs more sasslefrazzzzze,,Man i need better voice acting sorry for the horrible voice acting xD,,well it was only a matter of time before someone started ruining this gameeven at a  your friend thinks you are an idiot lol;What39s that big thing at the bottom right,,,,,quotstoryquot reminds me JC and the Dedalus back in old days br goow work,,,,,,,,,,,,
GQ9sBynd0gM,,,,,,,,,,,,,,,,,,,,,,,,,,,,,,,,,,,,,,,,,,,,,,,,,,,,,,,,,,,,,,,,Hope I win slimes stuff plus great video hope I am a winner;My friends said that I was so sweet and nice;Can I pleas please please have 1 English bread;If someone ever makes you sad they r not a true friend Always make sure you have true friends lt3;I would be grateful for anything;My friend offered me to sit with her at lunchtime and that really made me happy The little things are the best things,How do you win a giveaway;I39ve already entered and I was just rewatching the video and I realise how lush ur nails are I love the pink colour,One day I was having trubble I had to go to school and my friend cheered me up;I was buying a food and a bottled of water then I saw a man and young girl the man said sorry to his I think it39s her daughter because they don39t have enough money  then the young girl said it was ok the young girl wanted a cake because it was her birthday and I decided to give them the cake and food and lots of bottled of water and they smiled at me when I gave her cake ;I love your videos I want 1 squishy  keep smiling ;No one did somthing nice to me;Also I love you nail colors;Or mango;I want the cloud because I don39t have squishes;Tysm Gratificari I won this giveaway I would want Set 3 three I messgaed you in instagram already My insta sophiabchua,One day I was walking and I tripped and my friend help me up;I really want to win because i never ever get to win anything;My friend came to ask me what was wrong when I was crying and helped me out and made me feel better,My friend and I were walking to class and I tripped and fell So when everyone was looking at me I was so sad because people were laughing So she helped me up and made me laugh,,
CbUEFH3Plm0,,,,,,,,,,,,,,,,,,,,,,,,,,,,,,,,,,,,,,,,,,,,,,,,,Pessoal vamos ajudar o meu canal a crescer Deixem seu Like comentem dvidas de ingls e se inscrevam no canal Abaixo eu deixo o link para vocs baixarem meu livro grtis para download Enjoybr br Download livro gratuito a ,muito bom obrigadosucesso;muito bom professor vc podia passar uns exerccios praticos pra fixar o conteudo das video aulas valeu tudo de bom;Obrigado professor;fenomenal;Preto no branco Good;clarissimooooo;parabns pela didtica utilizada quem dera todos professores fossem assim Espero ansiosamente o prximo vdeo,Quero comprar o seu kit  possvel realmente ficar fluente no ingls Gosto das suas aulas abraos;Sua didtica  muito boa explicao simples mas ao mesmo tempo muito rica em contedo Parabns;Como sempre mais uma tima aulafernado me respondese eu difiselmente mecher com gramtica so escultando o ingles falado msm isso vai me atrapalhar ou vai dificultar meu aprendizado;como sempre the best,MARAVILHOSO;tudo que eu esperava nas horas vagas,,parabns tem o dom para ensinar;Muito bom,,I do not want moneybr I do not need moneybr quotI have no moneyquotbr br The same with the phrasebr br I have no time br br Help me please Thank you,rapaz nunca pensei q esse arquivos para dawload fosse tao bom alem da escrita ainda tem a pronncia thanks teacher you are the best,,fernando a gente usa o NO sozinho  so na palavra falada e na escrita e NOT porque  nao vejo NO nas frases escrita,I do not work    ou  i don39t work  qual a diferena    estou confuso ,,,,,,,,,,
H4KNMg-lI-s,,,,,,,,,,,,,,,,,,,,,,,,,,,,,,,,,,,,,,,,,,louis tomlinson l love you;this is one of the best crack videos i39ve ever seen;i miss zouis i miss Kevin i miss oned i can39t live without oned i miss water fights i miss harry39s moves i miss laughts of Niall i want they come back THEY NEED TO COME BACK;Zouis part gosh br Louis is so precious He deserves the world but the world doesn39t deserve this angel His voice is angelic He has a golden heart I love this sass masta so much;i love Louis;a   SLAAAY,Hii Sofia  I hope you read the commentss  But I39m a big fan of your channel and your 1D videos the most videos from Louis or Harry  And omgg you have 53k well donee you deserve it  I hope you will read this comment  ps Have u a Instagram account  My name is xTommoMyBaee ;BABY;That should be me;He is so thin now I think his Mom39s death is having a bigger impact on him  I pray he stays on the right path he has such a big heart;did anybody else almost cried when quotsee you againquot came up at the end with louis and kevin,I am in love with this videobr nd I love Louis;a  song i have listened this 1D song many times but i dont know the name,at a  what is the song and who is it by,,,,,KEVIN;Lil water fights are the death of me,,,,Should be me ,,a  what song ,,,,,,,,,,a ,I always in love with lou,,,
15Q4JDh_eJE,,,,,,,,,,,,,,,,,,,,,,,,,Respect is now over 9000 for this fellow;Great to see someone with some sense in Australian government As an American looking in I thought your entire government consisted of moral authoritarians pushing for an ever increasing nanny state;Wow about time someone spoke out about this kind of stuffbr br Censorship is so dumb that39s what the rating board should be there for to categorise stuff so people can made decisions based on its rating not to demand changes to a game so it can make the classification or just outright be refused classificationbr Games are not longer a thing mainly for children anymore they are a hobby for many adults and shouldn39t be judged with unfair double standardsbr br The classification board seriously needs an overhaul because it seems like the views of the people running it are extremely datedbr br also can we do something about those rating logos on games and DVDs yet Gosh they are ugly as sin and completely ruin cover art Seriously the previous Australian logos from back before and around the early 21st century where excellentbr Really these dumb huge colourful logos feel like they are designed for 3 year olds who don39t even understand what they mean,Vote this man for prime minister;So much respect for this man Just in three minutes he39s done more for videogames and gamers than gaming journalists have done in the last decade;As an American I like this man quite a bit  I wish we had more people like this in our Legislative Branch,well done from uk;Wow I have got to remember that guys name He39s awesome;Okay why aren39t more people listening to David Leyonhjelm as opposed to the obvious slandering fraud that is Anita Sarkeesian;Meanwhile leftists in America amp Canada are plagued by SJW nonsense that forces game devs into self censorship,TAKE MY VOTE Based David;Goes to show that the Censorship board is outdated and needs SERIOUS modification,As Australian this makes me proud This guy for Prime Minister,true true,,Thank you Senator I will keep voting for Liberal party People do drugs and violent crimes probably don39t play video games;Thank you Senator for your voice of reason and the distinction between reality and fantasy I am 60 and don39t need a 39Nanny State39 to tell me the difference between the previously mentioned conditions I have been a gamer since the invention of the application and surprisingly I have never killed nor caused violent harm to anyone in the 39reality39 state nor has any of the gaming fraternity that I associate withbr Another avenue worth pursuing in the demographics of 39Gamers39 is the level of educational qualifications attained by the group which may offer to help educate the 39appointed39 Censorship  Board on terms such as nerd and geek not gangsta or terrorist,,,,,,,,,,,,,,,hear hear david,,,,,,I like this guys stance on gaming and some other stuff too,,,he39s right censorship as a whole is redundant because of the wonderful truth known as the internet dishonesty is a sin and it should be ridiculed,I would love to see some sort of gamers union worldwide to fight against regulators that knows nothing about video games and the gaming industry to fight against the bias a liesbr br br Australia if this man is able to change the situation where all games are available for adultsbr br Then thank this man for what he has done for your gaming needs,,,,,,,,,,,,,
e_-9sfCtS1A,,,,,,The way Chanyeol stares at Baekhyun is what makes me ship them more;THOSE GIRLS SCREAMING CHANBAEK OMG;Your videos IS Beautiful ,,,IM IN PURE BLISS RN 39 CHANBAEEKKKEKEKEKEKKEKEKEKK THIS IS MAKING MY HEART FLUTTER LIKE NON OTHER,,quotChanbaekChanbaekquot ;Sooo nice Cuuuuuutttttte ,,,they only 8 why wheres lay ,when the fans started to shout quot ChanbaekChanbaekquot i can39t stop myself from smiling really wide  waahh chanbaek is life ,,OMGThey are doing Milly rockI haven39t seen any kpop idol do that,,,can someone tell me wht is the title of the songs use,I love the vidoes that you made Thank you so much I hope you can make more of this This precious moments are making me cry A Big  for you,,,,,a  Parents scolding their quotsonquot  ;i love you thank youuu,,what is the title of the song at a ,,,,,,,Oh my god I never even knew fans shouted chanbaek at that part in a  ,,,This Video kills me,,,,,,,,,,The girls screaming ChanBaek omg i would do the same;The girls screaming ChanBaek omg i would do the same,,,,,ChanYeol doesn39t play with the toy puppy ChanYeol IS a puppy with the toy puppy,,,,,,,,,,,,,,,,,
hnxb5qIr82U,,,,,,,,,,,,,,,,,,,,,,,,,,,,,,,,,,,,,,,,,,,,,,              24       3     ;  ;    ;           ;     ;                  12    ;             ;          ;  ;          ;     ;       ,privet vika  a mozno eto toze v muffinsform  cpacibo;             ,     ;        ,      ,,,,,    ,,,,,,,,,,,,,,,,
bX8zfeI7Vg4,,,,,,,,,,,,,,,,,,,,,,,,,,,,,,,,,,,,,,,,,,,,,,,,,,,,,,sugoi ;Hello rLearnJapanese;Is there a reason you sound australian;I39ll mention this channel on my selfstudy livestream tomorrow It obviously takes a lot of effort to record and edit and add overlays for these 30 minute lessons you createbr br Also I39ll add it39s a good idea to study from Dramas and any transcripts if available  Here39s an example of studying a drama called 39Zettai Kareshi39 using the course on Memrise  a ;Summary and Time Indexbr br a  Keep a notebook that you treasurebr a  Make your own sentencesbr a  Write down you common thoughts and wordsbr a  Translate the first and last bits of a Japanese sentencebr a  Sword Art Online examplebr a  Write A LOTbr a  Don39t worry about your accentbr a  Do grammar drillsbr a  Use manga to studybr a  Relax in Japanesebr a  Listen to songs when you are low in motivationbr a  Have fun,So glad I found your channel it has helped me so muchbr br ;Fantastic video I39m very glad I found your channel You explain everything so clearly And the anime segment was gold;This is high quality please keep on making these awesome videos I will spread the word,a  Misa I hope you realize that in the context that Barney uses the word only men can use it for uh obvious reasons Women can only get nailedw;I have spent months researching into learning Japanese online and discovered a great resource at Japanese Magic Method google it if you39re interested,Great stuff Thanks for this, ;In the sentence 39dancing is fun39 you transleted it as 3939  Can I say 3939 ,,,bTip 12b Subscribe to Japanese Ammo with Misa on YouTube,That quottquot on learnt just perfect ,,,,just subscribed you39re teaching exactly how I learn really good lessons,,Hi Sensei I really enjoyed this video a lot I would love to see some kind of content actually focusing on thing like the anime segment you showed and analysed here I feel it39s helpful and very motivational to see that it isn39t thaaat hard to understand anime or manga i really liked it I also like your lessons and I am watching them atm br br Keep it up D,,
1yB7mAy3PZg,,,,,,,,,,,,,,,,,,,,,,,,,,,,,,,,,,,,,,,,,,,,,,,,,cm n bn nhiu;cm n bn  lm sub nh ,M qu n ;Thng ad Welax post mt bi hay th ny m  up km tn bi m thy m lun mi tm c ti y huhu;Cm n ch xinh p  sub cho ti em lt3 nh my bi vui vy m ng lc hc nht Ng mi khng li tn ,cm n  sub;Cm n cc bn sub lt3,,welax a mnh n y v cm n ngi dch lt3 bi ny gy nghin v l;Cm n bn  sub nha;xD d  thng vi  cm n bn   sub,,,,i mi bn ssub  39,,,Welax a mnh ti y Cm n cc bn sub nhiu nhiu lm nha lt3 lt3 lt3, nghe mi k chn;Cho mnh hi t vbr Tn bi ht theo katakana l kasaneteku br Sao bn li ghi l kaseneteku v br Mnh mi hc ting Nht nn hi thc mc v cch bn dch ra,,,,Main n phng qu v;cn nhiu bi ch chiu ntn ,,moa  ae cn thn sau nay lai bi hi chi em la mt i giai y xx,n chnh nhn ging tnh u ca mnh qu ,,
NQ5k5F1c7Pg,,,,,,,,,,,,,,,,,,,,,,,,,,,,,,,,,,,,,,,,,,,,,,,,,,,,,,,,,,, 1      39 ;Makariiiii na mai h tuxerhhh to thel para poluuuuu ;Th 2h epilogh  Einai foverooooo ;H 2h epilogh einai teleiabr Makari na eimai h upertuxerh pou tha kerdisei auto to fantastiko shortsbr love ubr xoxo;H 2h epilogh einai teleiabr Makari na eimai h upertuxerh pou tha kerdisei auto to fantastiko shortsbr love ubr xoxo;     1  ; 1    ; 1;  3         ; 3; ; 1 lt3 lt3;         2     ,    3     ; 2   lt3 lt3 lt3;  1 ;1 ;          1 ,            2 ,,    Victoria Sarandaki            ,,,,,,,
Rx08aSoh4IA,,,,,,,,,,,,,,,,,,,,,,,,,,,,,,,,,,,,,,,caracaaaaaaaa meus guitarristas favoritos Steve Vai e Gustavo Guerrademaisssssssssssss;Your chops have always been amazing Gustavo but one thing about the mix as a whole at least in my opinion is that I feel some of the mids are missing to give us the fuller experience of Steve Vai Just a bit of a tweak would definitely give it a good sound Otherwise you have a great video on your hands,You are the most verbatim guitarist I have ever seen Every cover you nail as good if not better than the original;muito Show que som  esse,De mais Sucesso;cara logo no inicio deu uma leve uma leve  impressao que voce estava tocando  a musica do Dragon ball Z kklklkkkkkkbr muito top  parabens Deus te abencoe;Qual  a sua opinio em relao aos EMG39s,,tenho visto seus videos vc toca muito Gustavo Guerra da at gosto de ver quem sabe tocar parabns ,Steve Vai sendo Satriani,cara parabns pelo vdeo a qualidade do som dos seus vdeos  fantstica acho que o melhor som que eu j ouvi pelo YouTube,,Steve vai no  guitarrista  ele  um alquimista da guitarra o que   algo bem diferente rsrsrs  parabns Gg,Monstro Ta com cara de que vc gravou faz tempo hehehe,kk eu ganhei de uma namorada uma esttua igual a sua  feita meio q artesanal o chapeu e os joelhos do boneco so uma porca kkk s q a minha a pintura  escura  br br a parte musical no  necessrio dizer  mas t perfeito ;animal,,,GGuerra me responde por favor qual o segundo melhor Guitarrista do Brasil em sua humilde opinio claro q o primeiro lugar vem vc disparado o meu idolo kk,,SHOW GUSTAVO  MUITO SUCESSO PARA VC  QUERIDO POIS VC MERECE,,A glr me ajudem l no meu canal  curtam comentam e se inscrevam  MT obg  Deus os abenoe,muito bom irmo feelings exelentes e timbre extraordinariamente limpobr sem dvida  um dos melhores guitarristas do Brasil,,o Satriani n curtiu esse vdeo kkkk,,Bem que poderia disponibilizar a TAB e uma vdeo aula completa seria top br Pow Gustavo ensina pra gente essa musica seus inscritos aqui ficaram muito felizes rsrsrsbr valeuuuu,,,,,,,,,
gY3N-ox1tik,,,,,,,,,,,,,,,,,,,,,,,,,,,,,,,,,,,,,,,,,,,,,,,,The super police is waiting for usbr sundeep Kishanbr a  a  Both super hits coming on its way;Romba naal kalichu oru best Tamil album ippatha paakurabr ;Enna background scorebr ghibran pichchi odharitaaru br ;nice music by ghibran;Sundeep Kishan looks so smartbr Angel Lavanyabr Ghibran Music awesome;mella mella song awesome superb lyrics wit melting music ;love mella mella sollavamy favorite song in the album Thank you Ghibran sir;one of the best composition  gonna become a fan of ghibraan;wow fantastic songs all the best princess lavanya;The instrumental tracks are great I wish the same sincerity had reflected in the songs too;BGM tracks are terrific ghibran sir did something extraordinary;very nice songs ghibran all the best,,enda ungalu hans zimmer vitta vera theriyatha dark knight intertellar copy pannatha music director tamil industry illa enna koduma sir ethu hans zimmer valga,Shweta  you have sang the song so beautifully I have been playing it on repeat br So many times Ghibran and shweta wow wow wow,,,a good sign that people are taking the effort to add backgroudn score it increases the idea of watching the film  i never had any interest to watch the film in fact dont even know anything about the film  but now its creating a curiosity hats off team;massuuu thala;love the background score and mella mella  nice vocices;love the background score and mella mella  nice vocices;now it s a completeeeeeeee music,,,,,,,,,,,,,,,,
lNm7PIiBuPI,,,,,,,,,,,,,,,,,,,,,,,,,,,,,,,,,,,,,,,,,,,,,,,,,,,,,,,,,,,,,,,,,,,,,,
4AuBC9K0EhY,,,,,,,,,,,,,,,,,,,,,,,,,,,,,,,,,,,,,,,,,,,,,,,Arriba Tabasco Zac;Chingon el corrido pero el video de la verga;Si les queda con tuba al  viejones;Chingon el corrido saludos desde La Ceja Zacatecasbr Pura Raza Zacatecana;Puro buchones de culiacan y que se oiga esa tuba;Al milln mucho xito a  ;quedo chingon como debe ser puro buchones saludos compas,esa de baltazar y Juan Rams;As nomas quedo saludos ,asi o maz chingon BUCHONES DE CULIACAN se la rifan maziizo;cdg rifa en zacatecas y tabasco,,,,Los mejores por supuesto puros Buchones de Culiacn;Es todo viejones saludos de parte su amigos Clika los necios a  video quedo chingon la tola nibse diga ;puro jalpa zacatecas,,,manden saludos a Vallarta,en el vdeo nunca se ve una tuba ,,,al pendiemte aki en san antonio del cipres panuco zacatecas puro comandante amburgesa aki su mejor kuas el pilon,AA POS Como No La Bella Zacatecas y puro Buchones de culiacan pariente,,,,,,,,,
KVFGlp6MuN4,,,,,,,,,,,,,,,,,,,,,,,,just ho this is so goals im so inspired;Of course I enjoyed it It39s soooooooo beautiful lt3,Hey dear You will go far with your art b3b please dream highbr Have you a Patreon account If not you MUST create one;NO DISLIKES THATS AMAZING ;i love this SOOO much its absolutely beautiful how long did this take you;so beautiful amazing,it39s so beauutiful I can see you put a feeling into your painting cause it39s just showed from your painttbr and the song is also perfect to your painting  Really love itt,,,,thanks for sare your process its so beautiful lt3;Xiao you are my inspiration to paint in watercolor Draw paint and create incredible things many thanks for sharing your talent with us lt3br br I have a question xDbr br What kind of sheets do you use,,,,,,omg I love love this and I wish I could paint like you I have no sense of control when it comes to water and my colors always end up mixing into each other and getting this ugly muddy color but I love the medium any tips Also what paints do you use This turned out really nice ;Make a video about your materials please,,,,br ;wow it39s amazing I usually colour from light base colour then proceed to darker colour I really should try the way you do it someday ,,,,,,Omg the arrietty song o  btw Love this drawing bb;omg oo,,this is NOT quotBEAUTIFULquot,,,,,,,,very beautiful,I WANT THIS IN MY HOUSE;i love your work,,,,,,,,,,This is so cute I love it,,,
06VbgC4rHBs,,,,,,,,,,,,,,,,,,,,,,,,,,,,,,,,,,,,,,,,,,,,,,,,,,,,,,,,,,,,,,,,,,,,,,
